{
  "quality_gates": {
    "passed": 6,
    "total": 7,
    "success_rate": 0.8571428571428571
  },
  "execution_time": 0.019372224807739258,
  "timestamp": 1755777858.388202,
  "status": "PASSED",
  "recommendations": []
}